{
    "main": "https://github.com/ScoopInstaller/Main",
    "extras": "https://github.com/ScoopInstaller/Extras",
    "versions": "https://github.com/ScoopInstaller/Versions",
    "nightlies": "https://github.com/ScoopInstaller/Nightlies",
    "nirsoft": "https://github.com/kodybrown/scoop-nirsoft",
    "php": "https://github.com/ScoopInstaller/PHP",
    "nerd-fonts": "https://github.com/matthewjberger/scoop-nerd-fonts",
    "nonportable": "https://github.com/TheRandomLabs/scoop-nonportable",
    "java": "https://github.com/ScoopInstaller/Java",
    "games": "https://github.com/Calinou/scoop-games",
    "jetbrains": "https://github.com/Ash258/Scoop-JetBrains"
}
